{
  "movies": [
    {
      "poster_path": "/y31QB9kn3XSudA15tV7UWQ9XLuW.jpg",
      "adult": false,
      "overview": "Light years from Earth, 26 years after being abducted, Peter Quill finds himself the prime target of a manhunt after discovering an orb wanted by Ronan the Accuser.",
      "release_date": "2014-07-30",
      "original_title": "Guardians of the Galaxy",
      "genre_ids": [
        28,
        878,
        12
      ],
      "id": 118340,
      "media_type": "movie",
      "original_language": "en",
      "title": "Guardians of the Galaxy",
      "backdrop_path": "/bHarw8xrmQeqf3t8HpuMY7zoK4x.jpg",
      "popularity": 42.931406,
      "vote_count": 7419,
      "video": false,
      "vote_average": 7.9,
      "_id": 3
    },
    {
      "poster_path": "/y4MBh0EjBlMuOzv9axM4qJlmhzz.jpg",
      "adult": false,
      "overview": "The Guardians must fight to keep their newfound family together as they unravel the mysteries of Peter Quill's true parentage.",
      "release_date": "2017-04-24",
      "original_title": "Guardians of the Galaxy Vol. 2",
      "genre_ids": [
        12,
        28,
        35,
        878
      ],
      "id": 283995,
      "media_type": "movie",
      "original_language": "en",
      "title": "Guardians of the Galaxy Vol. 2",
      "backdrop_path": "/aJn9XeesqsrSLKcHfHP4u5985hn.jpg",
      "popularity": 115.058584,
      "vote_count": 1557,
      "video": false,
      "vote_average": 7.6,
      "_id": 4
    },
    {
      "poster_path": "/ykIZB9dYBIKV13k5igGFncT5th6.jpg",
      "adult": false,
      "overview": "As humanity picks up the pieces, following the conclusion of \"Transformers: Dark of the Moon,\" Autobots and Decepticons have all but vanished from the face of the planet. However, a group of powerful, ingenious businessman and scientists attempt to learn from past Transformer incursions and push the boundaries of technology beyond what they can control - all while an ancient, powerful Transformer menace sets Earth in his cross-hairs.",
      "release_date": "2014-06-25",
      "original_title": "Transformers: Age of Extinction",
      "genre_ids": [
        878,
        28,
        12
      ],
      "id": 91314,
      "media_type": "movie",
      "original_language": "en",
      "title": "Transformers: Age of Extinction",
      "backdrop_path": "/cHy7nSitAVgvZ7qfCK4JO47t3oZ.jpg",
      "popularity": 6.792771,
      "vote_count": 2570,
      "video": false,
      "vote_average": 5.8,
      "_id": 6
    },
    {
      "poster_path": "/bgSHbGEA1OM6qDs3Qba4VlSZsNG.jpg",
      "adult": false,
      "overview": "Young teenager, Sam Witwicky becomes involved in the ancient struggle between two extraterrestrial factions of transforming robots – the heroic Autobots and the evil Decepticons. Sam holds the clue to unimaginable power and the Decepticons will stop at nothing to retrieve it.",
      "release_date": "2007-06-27",
      "original_title": "Transformers",
      "genre_ids": [
        12,
        878,
        28
      ],
      "id": 1858,
      "media_type": "movie",
      "original_language": "en",
      "title": "Transformers",
      "backdrop_path": "/p4OHBbXfxToWF4e36uEhQMSidWu.jpg",
      "popularity": 2.196827,
      "vote_count": 3369,
      "video": false,
      "vote_average": 6.6,
      "_id": 7
    },
    {
      "poster_path": "/mMltbSxwEdNE4Cv8QYLpzkHWTDo.jpg",
      "adult": false,
      "overview": "Woody, Buzz, and the rest of Andy's toys haven't been played with in years. With Andy about to go to college, the gang find themselves accidentally left at a nefarious day care center. The toys must band together to escape and return home to Andy.",
      "release_date": "2010-06-16",
      "original_title": "Toy Story 3",
      "genre_ids": [
        16,
        10751,
        35
      ],
      "id": 10193,
      "media_type": "movie",
      "original_language": "en",
      "title": "Toy Story 3",
      "backdrop_path": "/y2qAjM37QgatWeG84DDtwsZuMW.jpg",
      "popularity": 5.714178,
      "vote_count": 3721,
      "video": false,
      "vote_average": 7.6,
      "_id": 8
    },
    {
      "poster_path": "/3CmK3XurcLeUyMifCR28ibzupbB.jpg",
      "adult": false,
      "overview": "Andy heads off to Cowboy Camp, leaving his toys to their own devices. Things shift into high gear when an obsessive toy collector named Al McWhiggen, owner of Al's Toy Barn kidnaps Woody. Andy's toys mount a daring rescue mission, Buzz Lightyear meets his match and Woody has to decide where he and his heart truly belong.",
      "release_date": "1999-10-30",
      "original_title": "Toy Story 2",
      "genre_ids": [
        16,
        35,
        10751
      ],
      "id": 863,
      "media_type": "movie",
      "original_language": "en",
      "title": "Toy Story 2",
      "backdrop_path": "/9Kjxr4VCU0Y4DAuXkzR2moAy7DK.jpg",
      "popularity": 4.749682,
      "vote_count": 2963,
      "video": false,
      "vote_average": 7.3,
      "_id": 9
    },
    {
      "poster_path": "/rdknw13mLS8FFXlW6jJXlQ3DXAo.jpg",
      "adult": false,
      "overview": "The hour-long documentary is a portrait of a basketball artist as an older man. In a longform discussion, Bryant and Ahmad Rashad walk back through Kobe's career, examining all the twists and turns that have led Kobe to where he stands today.",
      "release_date": "2015-02-16",
      "original_title": "Kobe: The Interview",
      "genre_ids": [
        99
      ],
      "id": 326478,
      "media_type": "movie",
      "original_language": "en",
      "title": "Kobe: The Interview",
      "backdrop_path": "/lOCyL4Mw1UzFepdeT5TUEGXbx6y.jpg",
      "popularity": 1.02138,
      "vote_count": 0,
      "video": false,
      "vote_average": 0,
      "_id": 10
    }
  ],
  "posts": [
    {
      "id": 1,
      "title": "json-server",
      "author": "typicode"
    }
  ],
  "comments": [
    {
      "id": 1,
      "body": "some comment",
      "postId": 1
    }
  ],
  "profile": {
    "name": "typicode"
  }
}