{
  "movies": [
    {
      "poster_path": "/rhIRbceoE9lR4veEXuwCC2wARtG.jpg",
      "adult": false,
      "overview": "Led by Woody, Andy's toys live happily in his room until Andy's birthday brings Buzz Lightyear onto the scene. Afraid of losing his place in Andy's heart, Woody plots against Buzz. But when circumstances separate Buzz and Woody from their owner, the duo eventually learns to put aside their differences.",
      "release_date": "1995-10-30",
      "original_title": "Toy Story",
      "genre_ids": [
        16,
        35,
        10751
      ],
      "id": 862,
      "media_type": "movie",
      "original_language": "en",
      "title": "Toy Story",
      "backdrop_path": "/dji4Fm0gCDVb9DQQMRvAI8YNnTz.jpg",
      "popularity": 7.402545,
      "vote_count": 4127,
      "video": false,
      "vote_average": 7.6,
      "trailer": "tN1A2mVnrOM",
      "_id": 1
    },
    {
      "poster_path": "/mMltbSxwEdNE4Cv8QYLpzkHWTDo.jpg",
      "adult": false,
      "overview": "Woody, Buzz, and the rest of Andy's toys haven't been played with in years. With Andy about to go to college, the gang find themselves accidentally left at a nefarious day care center. The toys must band together to escape and return home to Andy.",
      "release_date": "2010-06-16",
      "original_title": "Toy Story 3",
      "genre_ids": [
        16,
        10751,
        35
      ],
      "id": 10193,
      "media_type": "movie",
      "original_language": "en",
      "title": "Toy Story 3",
      "backdrop_path": "/y2qAjM37QgatWeG84DDtwsZuMW.jpg",
      "popularity": 5.804498,
      "vote_count": 3721,
      "video": false,
      "vote_average": 7.6,
      "trailer": "TNMpa5yBf5o",
      "_id": 2
    },
    {
      "poster_path": "/y4MBh0EjBlMuOzv9axM4qJlmhzz.jpg",
      "adult": false,
      "overview": "The Guardians must fight to keep their newfound family together as they unravel the mysteries of Peter Quill's true parentage.",
      "release_date": "2017-04-24",
      "original_title": "Guardians of the Galaxy Vol. 2",
      "genre_ids": [
        12,
        28,
        35,
        878
      ],
      "id": 283995,
      "media_type": "movie",
      "original_language": "en",
      "title": "Guardians of the Galaxy Vol. 2",
      "backdrop_path": "/aJn9XeesqsrSLKcHfHP4u5985hn.jpg",
      "popularity": 108.333275,
      "vote_count": 1638,
      "video": false,
      "vote_average": 7.6,
      "trailer": "wUn05hdkhjM",
      "_id": 4
    },
    {
      "poster_path": "/adw6Lq9FiC9zjYEpOqfq03ituwp.jpg",
      "adult": false,
      "overview": "A ticking-time-bomb insomniac and a slippery soap salesman channel primal male aggression into a shocking new form of therapy. Their concept catches on, with underground \"fight clubs\" forming in every town, until an eccentric gets in the way and ignites an out-of-control spiral toward oblivion.",
      "release_date": "1999-10-15",
      "original_title": "Fight Club",
      "genre_ids": [
        18
      ],
      "id": 550,
      "media_type": "movie",
      "original_language": "en",
      "title": "Fight Club",
      "backdrop_path": "/87hTDiay2N2qWyX4Ds7ybXi9h8I.jpg",
      "popularity": 9.202502,
      "vote_count": 7704,
      "video": false,
      "vote_average": 8.2,
      "trailer": "BdJKm16Co6M",
      "_id": 5
    },
    {
      "poster_path": "/dM2w364MScsjFf8pfMbaWUcWrR.jpg",
      "adult": false,
      "overview": "A burger-loving hit man, his philosophical partner, a drug-addled gangster's moll and a washed-up boxer converge in this sprawling, comedic crime caper. Their adventures unfurl in three stories that ingeniously trip back and forth in time.",
      "release_date": "1994-10-08",
      "original_title": "Pulp Fiction",
      "genre_ids": [
        53,
        80
      ],
      "id": 680,
      "media_type": "movie",
      "original_language": "en",
      "title": "Pulp Fiction",
      "backdrop_path": "/mte63qJaVnoxkkXbHkdFujBnBgd.jpg",
      "popularity": 8.286879,
      "vote_count": 6980,
      "video": false,
      "vote_average": 8.2,
      "trailer": "s7EdQ4FqbhY",
      "_id": 6
    },
    {
      "poster_path": "/adw6Lq9FiC9zjYEpOqfq03ituwp.jpg",
      "adult": false,
      "overview": "A ticking-time-bomb insomniac and a slippery soap salesman channel primal male aggression into a shocking new form of therapy. Their concept catches on, with underground \"fight clubs\" forming in every town, until an eccentric gets in the way and ignites an out-of-control spiral toward oblivion.",
      "release_date": "1999-10-15",
      "original_title": "Fight Club",
      "genre_ids": [
        18
      ],
      "id": 550,
      "media_type": "movie",
      "original_language": "en",
      "title": "Fight Club",
      "backdrop_path": "/87hTDiay2N2qWyX4Ds7ybXi9h8I.jpg",
      "popularity": 10.529575,
      "vote_count": 7704,
      "video": false,
      "vote_average": 8.2,
      "trailer": "BdJKm16Co6M",
      "_id": 7
    },
    {
      "poster_path": "/vXjfMyXHixdEEkqcuWS6hy3EZAG.jpg",
      "adult": false,
      "overview": "A tomboyish girl disguises herself as a young man so she can fight with the Imperial Chinese Army against the invading Huns. With help from wise-cracking dragon Mushu, Mulan just might save her country -- and win the heart of handsome Captain Li Shang.",
      "release_date": "1998-06-18",
      "original_title": "Mulan",
      "genre_ids": [
        16,
        10751,
        12
      ],
      "id": 10674,
      "media_type": "movie",
      "original_language": "en",
      "title": "Mulan",
      "backdrop_path": "/lfwwqgMWZn6Th56hHOue9syKO3l.jpg",
      "popularity": 4.186119,
      "vote_count": 1489,
      "video": false,
      "vote_average": 7.4,
      "trailer": "wAbGAkkOgcM",
      "_id": 8
    },
    {
      "poster_path": "/tgr5Pdy7ehZYBqBkN2K7Q02xgOb.jpg",
      "adult": false,
      "overview": "Years after the onset of the Clone Wars, the noble Jedi Knights lead a massive clone army into a galaxy-wide battle against the Separatists. When the sinister Sith unveil a thousand-year-old plot to rule the galaxy, the Republic crumbles and from its ashes rises the evil Galactic Empire. Jedi hero Anakin Skywalker is seduced by the dark side of the Force to become the Emperor's new apprentice – Darth Vader. The Jedi are decimated, as Obi-Wan Kenobi and Jedi Master Yoda are forced into hiding. The only hope for the galaxy are Anakin's own offspring – the twin children born in secrecy who will grow up to become heroes.",
      "release_date": "2005-05-17",
      "original_title": "Star Wars: Episode III - Revenge of the Sith",
      "genre_ids": [
        878,
        12,
        28
      ],
      "id": 1895,
      "media_type": "movie",
      "original_language": "en",
      "title": "Star Wars: Episode III - Revenge of the Sith",
      "backdrop_path": "/wUYTfFbfPiZC6Lcyt1nonr69ZmK.jpg",
      "popularity": 3.502329,
      "vote_count": 3394,
      "video": false,
      "vote_average": 7,
      "trailer": "UdRx9HppH7A",
      "_id": 9
    },
    {
      "poster_path": "/yE5d3BUhE8hCnkMUJOo1QDoOGNz.jpg",
      "adult": false,
      "overview": "A man with a low IQ has accomplished great things in his life and been present during significant historic events - in each case, far exceeding what anyone imagined he could do. Yet, despite all the things he has attained, his one true love eludes him. 'Forrest Gump' is the story of a man who rose above his challenges, and who proved that determination, courage, and love are more important than ability.",
      "release_date": "1994-07-06",
      "original_title": "Forrest Gump",
      "genre_ids": [
        35,
        18,
        10749
      ],
      "id": 13,
      "media_type": "movie",
      "original_language": "en",
      "title": "Forrest Gump",
      "backdrop_path": "/ctOEhQiFIHWkiaYp7b0ibSTe5IL.jpg",
      "popularity": 8.307573,
      "vote_count": 6399,
      "video": false,
      "vote_average": 8.2,
      "trailer": "bLvqoHBptjg",
      "_id": 10
    },
    {
      "poster_path": "/ewVHnq4lUiovxBCu64qxq5bT2lu.jpg",
      "adult": false,
      "overview": "Bound for a remote planet on the far side of the galaxy, the crew of the colony ship Covenant discovers what they think is an uncharted paradise, but is actually a dark, dangerous world — whose sole inhabitant is the “synthetic” David, survivor of the doomed Prometheus expedition.",
      "release_date": "2017-05-09",
      "genre_ids": [
        53,
        27,
        878
      ],
      "id": 126889,
      "original_title": "Alien: Covenant",
      "original_language": "en",
      "title": "Alien: Covenant",
      "backdrop_path": "/kMU8trT43p5LFoJ4plIySMOsZ1T.jpg",
      "popularity": 83.903355,
      "vote_count": 554,
      "video": false,
      "vote_average": 6,
      "media_type": "movie",
      "trailer": "H0VW6sg50Pk",
      "_id": 12
    },
    {
      "poster_path": "/iNpz2DgTsTMPaDRZq2tnbqjL2vF.jpg",
      "adult": false,
      "overview": "When a mysterious woman seduces Dom into the world of crime and a betrayal of those closest to him, the crew face trials that will test them as never before.",
      "release_date": "2017-04-12",
      "genre_ids": [
        28,
        80,
        53
      ],
      "id": 337339,
      "original_title": "The Fate of the Furious",
      "original_language": "en",
      "title": "The Fate of the Furious",
      "backdrop_path": "/jzdnhRhG0dsuYorwvSqPqqnM1cV.jpg",
      "popularity": 56.292246,
      "vote_count": 1964,
      "video": false,
      "vote_average": 6.7,
      "media_type": "movie",
      "trailer": "-9FU7Ia-BKg",
      "_id": 13
    },
    {
      "poster_path": "/z09QAf8WbZncbitewNk6lKYMZsh.jpg",
      "adult": false,
      "overview": "Dory is reunited with her friends Nemo and Marlin in the search for answers about her past. What can she remember? Who are her parents? And where did she learn to speak Whale?",
      "release_date": "2016-06-16",
      "original_title": "Finding Dory",
      "genre_ids": [
        12,
        16,
        35,
        10751
      ],
      "id": 127380,
      "media_type": "movie",
      "original_language": "en",
      "title": "Finding Dory",
      "backdrop_path": "/iWRKYHTFlsrxQtfQqFOQyceL83P.jpg",
      "popularity": 8.248702,
      "vote_count": 3285,
      "video": false,
      "vote_average": 6.7,
      "trailer": "NQu-153MnGQ",
      "_id": 14
    },
    {
      "poster_path": "/eSVtBB2PVFbQiFWC7CQi3EjIZnn.jpg",
      "adult": false,
      "overview": "A koala named Buster recruits his best friend to help him drum up business for his theater by hosting a singing competition.",
      "release_date": "2016-11-23",
      "genre_ids": [
        16,
        35,
        18,
        10751,
        10402
      ],
      "id": 335797,
      "original_title": "Sing",
      "original_language": "en",
      "title": "Sing",
      "backdrop_path": "/usJKCEMXV3tECgIJj8ZTEndmY2E.jpg",
      "popularity": 44.623275,
      "vote_count": 1503,
      "video": false,
      "vote_average": 6.8,
      "media_type": "movie",
      "trailer": "Zvjmt4pwtdg",
      "_id": 15
    },
    {
      "poster_path": "/y4MBh0EjBlMuOzv9axM4qJlmhzz.jpg",
      "adult": false,
      "overview": "The Guardians must fight to keep their newfound family together as they unravel the mysteries of Peter Quill's true parentage.",
      "release_date": "2017-04-24",
      "genre_ids": [
        12,
        28,
        35,
        878
      ],
      "id": 283995,
      "original_title": "Guardians of the Galaxy Vol. 2",
      "original_language": "en",
      "title": "Guardians of the Galaxy Vol. 2",
      "backdrop_path": "/aJn9XeesqsrSLKcHfHP4u5985hn.jpg",
      "popularity": 97.132045,
      "vote_count": 1743,
      "video": false,
      "vote_average": 7.6,
      "media_type": "movie",
      "trailer": "wUn05hdkhjM",
      "_id": 17
    }
  ],
  "posts": [
    {
      "id": 1,
      "title": "json-server",
      "author": "typicode"
    }
  ],
  "comments": [
    {
      "id": 1,
      "body": "some comment",
      "postId": 1
    }
  ],
  "profile": {
    "name": "typicode"
  }
}