{
  "movies": [
    {
      "poster_path": "/rhIRbceoE9lR4veEXuwCC2wARtG.jpg",
      "adult": false,
      "overview": "Led by Woody, Andy's toys live happily in his room until Andy's birthday brings Buzz Lightyear onto the scene. Afraid of losing his place in Andy's heart, Woody plots against Buzz. But when circumstances separate Buzz and Woody from their owner, the duo eventually learns to put aside their differences.",
      "release_date": "1995-10-30",
      "original_title": "Toy Story",
      "genre_ids": [
        16,
        35,
        10751
      ],
      "id": 862,
      "media_type": "movie",
      "original_language": "en",
      "title": "Toy Story",
      "backdrop_path": "/dji4Fm0gCDVb9DQQMRvAI8YNnTz.jpg",
      "popularity": 7.402545,
      "vote_count": 4127,
      "video": false,
      "vote_average": 7.6,
      "trailer": "tN1A2mVnrOM",
      "_id": 1
    },
    {
      "poster_path": "/mMltbSxwEdNE4Cv8QYLpzkHWTDo.jpg",
      "adult": false,
      "overview": "Woody, Buzz, and the rest of Andy's toys haven't been played with in years. With Andy about to go to college, the gang find themselves accidentally left at a nefarious day care center. The toys must band together to escape and return home to Andy.",
      "release_date": "2010-06-16",
      "original_title": "Toy Story 3",
      "genre_ids": [
        16,
        10751,
        35
      ],
      "id": 10193,
      "media_type": "movie",
      "original_language": "en",
      "title": "Toy Story 3",
      "backdrop_path": "/y2qAjM37QgatWeG84DDtwsZuMW.jpg",
      "popularity": 5.804498,
      "vote_count": 3721,
      "video": false,
      "vote_average": 7.6,
      "trailer": "TNMpa5yBf5o",
      "_id": 2
    },
    {
      "poster_path": "/6AquMx9MoJZTaZIR2AokSDATFCt.jpg",
      "popularity": 8.565409,
      "id": 1425,
      "overview": "Set in present day Washington, D.C., House of Cards is the story of Frank Underwood, a ruthless and cunning politician, and his wife Claire who will stop at nothing to conquer everything. This wicked political drama penetrates the shadowy world of greed, sex and corruption in modern D.C. \n\nHouse of Cards is an adaptation of a previous BBC miniseries of the same name, which is based on the novel by Michael Dobbs.",
      "backdrop_path": "/3RognQsjLyE50cy5VMo28auGe9q.jpg",
      "vote_average": 8.14,
      "media_type": "tv",
      "first_air_date": "2013-02-01",
      "origin_country": [
        "US"
      ],
      "genre_ids": [
        18
      ],
      "original_language": "en",
      "vote_count": 484,
      "name": "House of Cards",
      "original_name": "House of Cards",
      "trailer": "no-trailer",
      "_id": 3
    },
    {
      "poster_path": "/y4MBh0EjBlMuOzv9axM4qJlmhzz.jpg",
      "adult": false,
      "overview": "The Guardians must fight to keep their newfound family together as they unravel the mysteries of Peter Quill's true parentage.",
      "release_date": "2017-04-24",
      "original_title": "Guardians of the Galaxy Vol. 2",
      "genre_ids": [
        12,
        28,
        35,
        878
      ],
      "id": 283995,
      "media_type": "movie",
      "original_language": "en",
      "title": "Guardians of the Galaxy Vol. 2",
      "backdrop_path": "/aJn9XeesqsrSLKcHfHP4u5985hn.jpg",
      "popularity": 108.333275,
      "vote_count": 1638,
      "video": false,
      "vote_average": 7.6,
      "trailer": "wUn05hdkhjM",
      "_id": 4
    }
  ],
  "posts": [
    {
      "id": 1,
      "title": "json-server",
      "author": "typicode"
    }
  ],
  "comments": [
    {
      "id": 1,
      "body": "some comment",
      "postId": 1
    }
  ],
  "profile": {
    "name": "typicode"
  }
}